msa_md,msa_md_name,state
42540,SCRANTON--WILKES-BARRE--HAZLETON,PA
47220,VINELAND-BRIDGETON,NJ
29620,LANSING-EAST LANSING,MI
14740,BREMERTON-SILVERDALE,WA
45500,TEXARKANA,TX-AR
42644,SEATTLE-BELLEVUE-EVERETT,WA
17460,CLEVELAND-ELYRIA,OH
48864,WILMINGTON,DE-MD-NJ
37964,PHILADELPHIA,PA
26620,HUNTSVILLE,AL
24580,GREEN BAY,WI
28740,KINGSTON,NY
16940,CHEYENNE,WY
17780,COLLEGE STATION-BRYAN,TX
26140,HOMOSASSA SPRINGS,FL
10780,ALEXANDRIA,LA
31540,MADISON,WI
12700,BARNSTABLE TOWN,MA
18020,COLUMBUS,IN
45060,SYRACUSE,NY
24140,GOLDSBORO,NC
49660,YOUNGSTOWN-WARREN-BOARDMAN,OH-PA
39460,PUNTA GORDA,FL
29700,LAREDO,TX
19340,DAVENPORT-MOLINE-ROCK ISLAND,IA-IL
33540,MISSOULA,MT
30460,LEXINGTON-FAYETTE,KY
19124,DALLAS-PLANO-IRVING,TX
32820,MEMPHIS,TN-MS-AR
41060,ST. CLOUD,MN
19660,DELTONA-DAYTONA BEACH-ORMOND BEACH,FL
20500,DURHAM-CHAPEL HILL,NC
11700,ASHEVILLE,NC
19500,DECATUR,IL
15380,BUFFALO-CHEEKTOWAGA-NIAGARA FALLS,NY
25420,HARRISBURG-CARLISLE,PA
24340,GRAND RAPIDS-WYOMING,MI
49340,WORCESTER,MA-CT
41660,SAN ANGELO,TX
33260,MIDLAND,TX
41900,SAN GERMÁN,PR
14860,BRIDGEPORT-STAMFORD-NORWALK,CT
29340,LAKE CHARLES,LA
29460,LAKELAND-WINTER HAVEN,FL
10180,ABILENE,TX
15980,CAPE CORAL-FORT MYERS,FL
13220,BECKLEY,WV
49620,YORK-HANOVER,PA
37460,PANAMA CITY,FL
21300,ELMIRA,NY
45104,TACOMA-LAKEWOOD,WA
36100,OCALA,FL
46060,TUCSON,AZ
34060,MORGANTOWN,WV
26300,HOT SPRINGS,AR
22180,FAYETTEVILLE,NC
25620,HATTIESBURG,MS
38860,PORTLAND-SOUTH PORTLAND,ME
22744,FORT LAUDERDALE-POMPANO BEACH-DEERFIELD BEACH,FL
40660,ROME,GA
36084,OAKLAND-HAYWARD-BERKELEY,CA
13900,BISMARCK,ND
26820,IDAHO FALLS,ID
20260,DULUTH,MN-WI
24500,GREAT FALLS,MT
11180,AMES,IA
39900,RENO,NV
19804,DETROIT-DEARBORN-LIVONIA,MI
22520,FLORENCE-MUSCLE SHOALS,AL
30300,LEWISTON,ID-WA
16740,CHARLOTTE-CONCORD-GASTONIA,NC-SC
23580,GAINESVILLE,GA
30620,LIMA,OH
47260,VIRGINIA BEACH-NORFOLK-NEWPORT NEWS,VA-NC
23460,GADSDEN,AL
42200,SANTA MARIA-SANTA BARBARA,CA
39740,READING,PA
41180,ST. LOUIS,MO-IL
46700,VALLEJO-FAIRFIELD,CA
12220,AUBURN-OPELIKA,AL
10420,AKRON,OH
21660,EUGENE,OR
30980,LONGVIEW,TX
10740,ALBUQUERQUE,NM
40340,ROCHESTER,MN
12540,BAKERSFIELD,CA
24260,GRAND ISLAND,NE
26380,HOUMA-THIBODAUX,LA
20020,DOTHAN,AL
17820,COLORADO SPRINGS,CO
33874,MONTGOMERY COUNTY-BUCKS COUNTY-CHESTER COUNTY,PA
33860,MONTGOMERY,AL
35380,NEW ORLEANS-METAIRIE,LA
24220,GRAND FORKS,ND-MN
25500,HARRISONBURG,VA
16700,CHARLESTON-NORTH CHARLESTON,SC
16820,CHARLOTTESVILLE,VA
12940,BATON ROUGE,LA
46220,TUSCALOOSA,AL
26900,INDIANAPOLIS-CARMEL-ANDERSON,IN
20940,EL CENTRO,CA
29020,KOKOMO,IN
47664,WARREN-TROY-FARMINGTON HILLS,MI
37620,PARKERSBURG-VIENNA,WV
47940,WATERLOO-CEDAR FALLS,IA
37100,OXNARD-THOUSAND OAKS-VENTURA,CA
41740,SAN DIEGO-CARLSBAD,CA
27740,JOHNSON CITY,TN
21060,ELIZABETHTOWN-FORT KNOX,KY
20740,EAU CLAIRE,WI
45780,TOLEDO,OH
24780,GREENVILLE,NC
41100,ST. GEORGE,UT
27860,JONESBORO,AR
43780,SOUTH BEND-MISHAWAKA,IN-MI
29100,LA CROSSE-ONALASKA,WI-MN
20220,DUBUQUE,IA
45460,TERRE HAUTE,IN
28420,KENNEWICK-RICHLAND,WA
38660,PONCE,PR
33340,MILWAUKEE-WAUKESHA-WEST ALLIS,WI
43100,SHEBOYGAN,WI
36500,OLYMPIA-TUMWATER,WA
14454,BOSTON,MA
17660,COEUR D'ALENE,ID
27260,JACKSONVILLE,FL
29200,LAFAYETTE-WEST LAFAYETTE,IN
43420,SIERRA VISTA-DOUGLAS,AZ
44100,SPRINGFIELD,IL
27100,JACKSON,MI
28100,KANKAKEE,IL
36140,OCEAN CITY,NJ
16580,CHAMPAIGN-URBANA,IL
25540,HARTFORD-WEST HARTFORD-EAST HARTFORD,CT
47380,WACO,TX
41620,SALT LAKE CITY,UT
11460,ANN ARBOR,MI
44140,SPRINGFIELD,MA
25220,HAMMOND,LA
39660,RAPID CITY,SD
17020,CHICO,CA
27620,JEFFERSON CITY,MO
35660,NILES-BENTON HARBOR,MI
22660,FORT COLLINS,CO
14020,BLOOMINGTON,IN
48424,WEST PALM BEACH-BOCA RATON-DELRAY BEACH,FL
27180,JACKSON,TN
41500,SALINAS,CA
38900,PORTLAND-VANCOUVER-HILLSBORO,OR-WA
39140,PRESCOTT,AZ
46540,UTICA-ROME,NY
44060,SPOKANE-SPOKANE VALLEY,WA
20700,EAST STROUDSBURG,PA
21340,EL PASO,TX
19060,CUMBERLAND,MD-WV
28940,KNOXVILLE,TN
32780,MEDFORD,OR
24540,GREELEY,CO
38060,PHOENIX-MESA-SCOTTSDALE,AZ
25940,HILTON HEAD ISLAND-BLUFFTON-BEAUFORT,SC
49740,YUMA,AZ
38340,PITTSFIELD,MA
27340,JACKSONVILLE,NC
35614,NEW YORK-JERSEY CITY-WHITE PLAINS,NY-NJ
20100,DOVER,DE
12980,BATTLE CREEK,MI
30780,LITTLE ROCK-NORTH LITTLE ROCK-CONWAY,AR
46140,TULSA,OK
34740,MUSKEGON,MI
29420,LAKE HAVASU CITY-KINGMAN,AZ
30340,LEWISTON-AUBURN,ME
47020,VICTORIA,TX
11260,ANCHORAGE,AK
22420,FLINT,MI
38940,PORT ST. LUCIE,FL
19740,DENVER-AURORA-LAKEWOOD,CO
33460,MINNEAPOLIS-ST. PAUL-BLOOMINGTON,MN-WI
12620,BANGOR,ME
21820,FAIRBANKS,AK
33700,MODESTO,CA
31420,MACON-BIBB COUNTY,GA
15180,BROWNSVILLE-HARLINGEN,TX
22500,FLORENCE,SC
25060,GULFPORT-BILOXI-PASCAGOULA,MS
44700,STOCKTON-LODI,CA
40580,ROCKY MOUNT,NC
31740,MANHATTAN,KS
39820,REDDING,CA
12580,BALTIMORE-COLUMBIA-TOWSON,MD
16300,CEDAR RAPIDS,IA
47300,VISALIA-PORTERVILLE,CA
34980,NASHVILLE-DAVIDSON--MURFREESBORO--FRANKLIN,TN
29404,LAKE COUNTY-KENOSHA COUNTY,IL-WI
15940,CANTON-MASSILLON,OH
47460,WALLA WALLA,WA
35084,NEWARK,NJ-PA
10500,ALBANY,GA
15804,CAMDEN,NJ
27060,ITHACA,NY
12020,ATHENS-CLARKE COUNTY,GA
21420,ENID,OK
19140,DALTON,GA
23540,GAINESVILLE,FL
45540,THE VILLAGES,FL
36260,OGDEN-CLEARFIELD,UT
15764,CAMBRIDGE-NEWTON-FRAMINGHAM,MA
37900,PEORIA,IL
27780,JOHNSTOWN,PA
13460,BEND-REDMOND,OR
27900,JOPLIN,MO
39300,PROVIDENCE-WARWICK,RI-MA
11500,ANNISTON-OXFORD-JACKSONVILLE,AL
19780,DES MOINES-WEST DES MOINES,IA
16540,CHAMBERSBURG-WAYNESBORO,PA
48540,WHEELING,WV-OH
34100,MORRISTOWN,TN
46520,URBAN HONOLULU,HI
30020,LAWTON,OK
11100,AMARILLO,TX
14010,BLOOMINGTON,IL
26980,IOWA CITY,IA
11244,ANAHEIM-SANTA ANA-IRVINE,CA
31700,MANCHESTER-NASHUA,NH
32580,MCALLEN-EDINBURG-MISSION,TX
10900,ALLENTOWN-BETHLEHEM-EASTON,PA-NJ
29820,LAS VEGAS-HENDERSON-PARADISE,NV
42100,SANTA CRUZ-WATSONVILLE,CA
24860,GREENVILLE-ANDERSON-MAULDIN,SC
26580,HUNTINGTON-ASHLAND,WV-KY-OH
22380,FLAGSTAFF,AZ
38540,POCATELLO,ID
41940,SAN JOSE-SUNNYVALE-SANTA CLARA,CA
25020,GUAYAMA,PR
39340,PROVO-OREM,UT
13140,BEAUMONT-PORT ARTHUR,TX
23104,FORT WORTH-ARLINGTON,TX
25980,HINESVILLE,GA
42140,SANTA FE,NM
40484,ROCKINGHAM COUNTY-STRAFFORD COUNTY,NH
15680,CALIFORNIA-LEXINGTON PARK,MD
33124,MIAMI-MIAMI BEACH-KENDALL,FL
16620,CHARLESTON,WV
14500,BOULDER,CO
18700,CORVALLIS,OR
34820,MYRTLE BEACH-CONWAY-NORTH MYRTLE BEACH,SC-NC
28020,KALAMAZOO-PORTAGE,MI
41140,ST. JOSEPH,MO-KS
44180,SPRINGFIELD,MO
21500,ERIE,PA
46660,VALDOSTA,GA
22020,FARGO,ND-MN
34940,NAPLES-IMMOKALEE-MARCO ISLAND,FL
49180,WINSTON-SALEM,NC
46300,TWIN FALLS,ID
42020,SAN LUIS OBISPO-PASO ROBLES-ARROYO GRANDE,CA
37340,PALM BAY-MELBOURNE-TITUSVILLE,FL
31460,MADERA,CA
31020,LONGVIEW,WA
29940,LAWRENCE,KS
33780,MONROE,MI
36220,ODESSA,TX
35004,NASSAU COUNTY-SUFFOLK COUNTY,NY
21140,ELKHART-GOSHEN,IN
43340,SHREVEPORT-BOSSIER CITY,LA
12060,ATLANTA-SANDY SPRINGS-ROSWELL,GA
28700,KINGSPORT-BRISTOL-BRISTOL,TN-VA
34580,MOUNT VERNON-ANACORTES,WA
19300,DAPHNE-FAIRHOPE-FOLEY,AL
48660,WICHITA FALLS,TX
32420,MAYAGÜEZ,PR
26420,HOUSTON-THE WOODLANDS-SUGAR LAND,TX
18580,CORPUS CHRISTI,TX
13780,BINGHAMTON,NY
36740,ORLANDO-KISSIMMEE-SANFORD,FL
43620,SIOUX FALLS,SD
13020,BAY CITY,MI
19380,DAYTON,OH
17980,COLUMBUS,GA-AL
47894,WASHINGTON-ARLINGTON-ALEXANDRIA,DC-VA-MD-WV
17900,COLUMBIA,SC
37860,PENSACOLA-FERRY PASS-BRENT,FL
20994,ELGIN,IL
16974,CHICAGO-NAPERVILLE-ARLINGTON HEIGHTS,IL
31180,LUBBOCK,TX
31340,LYNCHBURG,VA
43300,SHERMAN-DENISON,TX
38300,PITTSBURGH,PA
41980,SAN JUAN-CAROLINA-CAGUAS,PR
40980,SAGINAW,MI
29180,LAFAYETTE,LA
29540,LANCASTER,PA
22900,FORT SMITH,AR-OK
16860,CHATTANOOGA,TN-GA
14100,BLOOMSBURG-BERWICK,PA
33660,MOBILE,AL
16060,CARBONDALE-MARION,IL
48700,WILLIAMSPORT,PA
25260,HANFORD-CORCORAN,CA
20524,DUTCHESS COUNTY-PUTNAM COUNTY,NY
42680,SEBASTIAN-VERO BEACH,FL
24660,GREENSBORO-HIGH POINT,NC
48900,WILMINGTON,NC
41884,SAN FRANCISCO-REDWOOD CITY-SOUTH SAN FRANCISCO,CA
16180,CARSON CITY,NV
41700,SAN ANTONIO-NEW BRAUNFELS,TX
33220,MIDLAND,MI
10580,ALBANY-SCHENECTADY-TROY,NY
17860,COLUMBIA,MO
16020,CAPE GIRARDEAU,MO-IL
17420,CLEVELAND,TN
13740,BILLINGS,MT
29740,LAS CRUCES,NM
49420,YAKIMA,WA
48620,WICHITA,KS
43900,SPARTANBURG,SC
23060,FORT WAYNE,IN
49020,WINCHESTER,VA-WV
19460,DECATUR,AL
31140,LOUISVILLE/JEFFERSON COUNTY,KY-IN
31860,MANKATO-NORTH MANKATO,MN
15540,BURLINGTON-SOUTH BURLINGTON,VT
27980,KAHULUI-WAILUKU-LAHAINA,HI
14540,BOWLING GREEN,KY
10540,ALBANY,OR
38220,PINE BLUFF,AR
23900,GETTYSBURG,PA
35300,NEW HAVEN-MILFORD,CT
13820,BIRMINGHAM-HOOVER,AL
15260,BRUNSWICK,GA
48300,WENATCHEE,WA
12100,ATLANTIC CITY-HAMMONTON,NJ
30700,LINCOLN,NE
44420,STAUNTON-WAYNESBORO,VA
49700,YUBA CITY,CA
13980,BLACKSBURG-CHRISTIANSBURG-RADFORD,VA
42034,SAN RAFAEL,CA
12420,AUSTIN-ROUND ROCK,TX
12260,AUGUSTA-RICHMOND COUNTY,GA-SC
19180,DANVILLE,IL
42700,SEBRING,FL
48260,WEIRTON-STEUBENVILLE,WV-OH
24300,GRAND JUNCTION,CO
40420,ROCKFORD,IL
44300,STATE COLLEGE,PA
32900,MERCED,CA
28660,KILLEEN-TEMPLE,TX
45940,TRENTON,NJ
18140,COLUMBUS,OH
22220,FAYETTEVILLE-SPRINGDALE-ROGERS,AR-MO
40380,ROCHESTER,NY
17300,CLARKSVILLE,TN-KY
36540,OMAHA-COUNCIL BLUFFS,NE-IA
42220,SANTA ROSA,CA
41540,SALISBURY,MD-DE
33740,MONROE,LA
10380,AGUADILLA-ISABELA,PR
33140,MICHIGAN CITY-LA PORTE,IN
45220,TALLAHASSEE,FL
25860,HICKORY-LENOIR-MORGANTON,NC
47580,WARNER ROBINS,GA
45300,TAMPA-ST. PETERSBURG-CLEARWATER,FL
14260,BOISE CITY,ID
11020,ALTOONA,PA
40060,RICHMOND,VA
39380,PUEBLO,CO
44940,SUMTER,SC
36780,OSHKOSH-NEENAH,WI
22140,FARMINGTON,NM
39580,RALEIGH,NC
45820,TOPEKA,KS
30140,LEBANON,PA
24420,GRANTS PASS,OR
42340,SAVANNAH,GA
27500,JANESVILLE-BELOIT,WI
36980,OWENSBORO,KY
16220,CASPER,WY
48060,WATERTOWN-FORT DRUM,NY
13380,BELLINGHAM,WA
21780,EVANSVILLE,IN-KY
40140,RIVERSIDE-SAN BERNARDINO-ONTARIO,CA
31084,LOS ANGELES-LONG BEACH-GLENDALE,CA
23420,FRESNO,CA
11540,APPLETON,WI
40220,ROANOKE,VA
18880,CRESTVIEW-FORT WALTON BEACH-DESTIN,FL
41420,SALEM,OR
15500,BURLINGTON,NC
11640,ARECIBO,PR
39540,RACINE,WI
27140,JACKSON,MS
34900,NAPA,CA
43580,SIOUX CITY,IA-NE-SD
23844,GARY,IN
30860,LOGAN,UT-ID
35980,NORWICH-NEW LONDON,CT
43524,SILVER SPRING-FREDERICK-ROCKVILLE,MD
40900,SACRAMENTO--ROSEVILLE--ARDEN-ARCADE,CA
35840,NORTH PORT-SARASOTA-BRADENTON,FL
17140,CINCINNATI,OH-KY-IN
24020,GLENS FALLS,NY
46340,TYLER,TX
28140,KANSAS CITY,MO-KS
31900,MANSFIELD,OH
22540,FOND DU LAC,WI
44220,SPRINGFIELD,OH
34620,MUNCIE,IN
35100,NEW BERN,NC
36420,OKLAHOMA CITY,OK
48140,WAUSAU,WI
25180,HAGERSTOWN-MARTINSBURG,MD-WV
